Unnamed: 0.3,Unnamed: 0.2,Unnamed: 0.1,Unnamed: 0,simulation_ID,"seeing [""]",r0 [m],v [m/s],n_actuators,n_lenslets,n_illuminated_subapertures,px_per_subap,"SH_FOV [""]","diff_limit_wfs [""]","WFS platescale [""/m]",WFS_exp_time [s],WFS_lambda_min [A],WFS_lambda_max [A],SC_exp_time [s],SC_lambda_min [A],SC_lambda_max [A],beamsplit [%],DM_stroke [m],gain,leakage,WFS max_SNR,WFS avg_SNR,interaction_matrix_type,inversion_cutoff,inversion_method,illumination_threshold,num_iterations,photon_noise,avg_Strehl_noAO,avg_Strehl_AO,peak_Strehl_AO,comments,loop_closure / quality,Unnamed: 38
,,,,0,1.25,0.080855804,20,11.0,10,64,5.0,5,1.88732475,3931.926562,0.001,5.5e-07,6.5e-07,1.0,4e-07,5.5e-07,1,1e-06,1.0,0.01,8.59,2.77,zonal,0.6,tikhonov,0.75,10,True,8.29e-06,8.29e-06,8.29e-06,quick test of code changes,unassessed,
,,,,0,1.25,0.080855804,20,11.0,10,64,5.0,5,1.88732475,3931.926562,0.001,5.5e-07,6.5e-07,1.0,4e-07,5.5e-07,1,1e-06,1.0,0.01,8.59,2.77,zonal,0.6,tikhonov,0.75,10,True,3.54e-06,3.54e-06,3.54e-06,quick test of code changes,unassessed,
,,,,0,1.25,0.080855804,20,11.0,10,64,5.0,5,1.88732475,3931.926562,0.001,5.5e-07,6.5e-07,1.0,4e-07,5.5e-07,1,1e-06,1.0,0.01,8.59,2.77,zonal,0.6,tikhonov,0.75,10,True,1.71e-05,1.71e-05,1.71e-05,quick test of code changes,unassessed,
,,,,0,1.25,0.080855804,20,11.0,10,64,5.0,5,1.88732475,3931.926562,0.001,5.5e-07,6.5e-07,1.0,4e-07,5.5e-07,1,1e-06,1.0,0.01,8.59,2.77,zonal,0.6,tikhonov,0.75,10,True,7.7e-06,7.7e-06,7.7e-06,quick test of code changes,unassessed,
,,,,0,1.25,0.080855804,20,11.0,10,64,5.0,5,1.88732475,3931.926562,0.001,5.5e-07,6.5e-07,1.0,4e-07,5.5e-07,1,1e-06,1.0,0.01,8.59,2.77,zonal,0.6,tikhonov,0.75,10,True,8.74e-06,8.74e-06,8.74e-06,quick test of code changes,unassessed,
,,,,0,1.25,0.080855804,20,11.0,10,64,5.0,5,1.88732475,3931.926562,0.001,5.5e-07,6.5e-07,1.0,4e-07,5.5e-07,1,1e-06,1.0,0.01,8.59,2.77,zonal,0.6,tikhonov,0.75,10,True,6.46e-06,6.46e-06,6.46e-06,quick test of code changes,unassessed,
,,,,0,1.25,0.080855804,20,11.0,10,64,5.0,5,1.88732475,3931.926562,0.001,5.5e-07,6.5e-07,1.0,4e-07,5.5e-07,1,1e-06,1.0,0.01,8.59,2.77,zonal,0.6,tikhonov,0.75,10,True,5.46e-06,5.46e-06,5.46e-06,quick test of code changes,unassessed,
,,,,0,1.25,0.080855804,20,11.0,10,64,5.0,5,1.88732475,3931.926562,0.001,5.5e-07,6.5e-07,1.0,4e-07,5.5e-07,1,1e-06,1.0,0.01,8.59,2.77,zonal,0.6,tikhonov,0.75,1,True,1.33e-05,1.33e-05,1.33e-05,quick test of code changes,unassessed,
,,,,0,1.25,0.080855804,20,11.0,10,64,5.0,5,1.88732475,3931.926562,0.001,5.5e-07,6.5e-07,1.0,4e-07,5.5e-07,1,1e-06,1.0,0.01,8.59,2.77,zonal,0.6,tikhonov,0.75,1,True,1.65e-05,1.65e-05,1.65e-05,quick test of code changes,unassessed,
,,,,0,1.25,0.080855804,20,11.0,10,64,5.0,5,1.88732475,3931.926562,0.001,5.5e-07,6.5e-07,1.0,4e-07,5.5e-07,1,1e-06,1.0,0.01,8.59,2.77,zonal,0.6,tikhonov,0.75,1,True,9.54e-06,9.54e-06,9.54e-06,quick test of code changes,unassessed,
,,,,0,1.25,0.080855804,20,11.0,10,64,5.0,5,1.88732475,3931.926562,0.001,5.5e-07,6.5e-07,1.0,4e-07,5.5e-07,1,1e-06,1.0,0.01,8.59,2.77,zonal,0.6,tikhonov,0.75,1,True,5.8e-06,5.8e-06,5.8e-06,quick test of code changes,unassessed,
,,,,0,1.25,0.080855804,20,7.0,6,20,5.0,5,1.13239485,7863.853125,0.001,5.5e-07,6.5e-07,1.0,4e-07,5.5e-07,1,1e-06,1.0,0.01,16.36,4.55,zonal,0.6,tikhonov,0.75,1,True,2e-05,2e-05,2e-05,quick test of code changes,unassessed,
,,,,0,1.25,0.080855804,20,7.0,6,20,5.0,5,1.13239485,7863.853125,0.001,5.5e-07,6.5e-07,1.0,4e-07,5.5e-07,1,1e-06,1.0,0.01,16.36,4.55,zonal,0.6,tikhonov,0.75,1,True,1.84e-05,1.84e-05,1.84e-05,quick test of code changes,unassessed,
,,,,0,1.25,0.080855804,20,7.0,6,20,5.0,5,1.13239485,7863.853125,0.001,5.5e-07,6.5e-07,1.0,4e-07,5.5e-07,1,1e-06,1.0,0.01,16.36,4.55,zonal,0.6,tikhonov,0.75,1,True,8.27e-06,8.27e-06,8.27e-06,quick test of code changes,unassessed,
,,,,0,1.25,0.080855804,20,7.0,6,20,5.0,5,1.13239485,7863.853125,0.001,5.5e-07,6.5e-07,1.0,4e-07,5.5e-07,1,1e-06,1.0,0.01,16.36,4.55,zonal,0.6,tikhonov,0.75,1,True,3.65e-06,3.65e-06,3.65e-06,quick test of code changes,unassessed,
,,,,0,1.25,0.080855804,20,11.0,10,64,5.0,5,1.88732475,3931.926562,0.001,5.5e-07,6.5e-07,1.0,4e-07,5.5e-07,1,1e-06,1.0,0.01,8.59,2.77,zonal,0.9,tikhonov,0.75,1,True,2.23e-05,2.23e-05,2.23e-05,quick test of code changes,unassessed,
,,,,0,1.25,0.080855804,20,11.0,10,64,8.0,5,1.88732475,2621.284375,0.001,5.5e-07,6.5e-07,1.0,4e-07,5.5e-07,1,1e-06,1.0,0.01,5.04,1.73,zonal,0.9,tikhonov,0.75,1,True,1.3e-05,1.3e-05,1.3e-05,quick test of code changes,unassessed,
,,,,0,1.25,0.080855804,20,11.0,10,64,10.0,5,1.88732475,1965.963281,0.001,5.5e-07,6.5e-07,1.0,4e-07,5.5e-07,1,1e-06,1.0,0.01,4.01,1.38,zonal,0.9,tikhonov,0.75,1,True,8.67e-06,8.67e-06,8.67e-06,calibration test w 10px per subap,unassessed,
,,,,1,1.25,0.080855804,20,11.0,10,64,8.0,5,1.88732475,2621.284375,0.001,5.5e-07,6.5e-07,1.0,4e-07,5.5e-07,1,1e-06,1.0,0.01,5.04,1.73,zonal,0.9,tikhonov,0.75,1,True,3.83e-06,3.83e-06,3.83e-06,calibration test w 8px per subap,unassessed,
,,,,2,1.25,0.080855804,20,11.0,10,64,6.0,5,1.88732475,3931.926562,0.001,5.5e-07,6.5e-07,1.0,4e-07,5.5e-07,1,1e-06,1.0,0.01,6.25,2.31,zonal,0.9,tikhonov,0.75,1,True,4.78e-06,4.78e-06,4.78e-06,calibration test w 6px per subap,unassessed,
,,,,3,1.25,0.080855804,20,11.0,10,64,5.0,5,1.88732475,3931.926562,0.001,5.5e-07,6.5e-07,1.0,4e-07,5.5e-07,1,1e-06,1.0,0.01,8.59,2.77,zonal,0.9,tikhonov,0.75,1,True,6.47e-06,6.47e-06,6.47e-06,calibration test w 5px per subap,unassessed,
,,,,4,1.25,0.080855804,20,11.0,10,64,4.0,5,1.88732475,3931.926562,0.001,5.5e-07,6.5e-07,1.0,4e-07,5.5e-07,1,1e-06,1.0,0.01,6.39,3.46,zonal,0.9,tikhonov,0.75,1,True,4.1e-06,4.1e-06,4.1e-06,calibration test w 4px per subap,unassessed,
,,,,5,1.25,0.080855804,20,11.0,10,64,10.0,5,1.88732475,1965.963281,0.001,5.5e-07,6.5e-07,1.0,4e-07,5.5e-07,1,1e-05,1.0,0.01,4.01,1.38,zonal,0.9,tikhonov,0.75,1,True,6.88e-06,6.88e-06,6.88e-06,calibration test w 10px per subap and 10µm stroke,unassessed,
,,,,6,1.25,0.080855804,20,11.0,10,64,8.0,5,1.88732475,2621.284375,0.001,5.5e-07,6.5e-07,1.0,4e-07,5.5e-07,1,1e-05,1.0,0.01,5.04,1.73,zonal,0.9,tikhonov,0.75,1,True,5.49e-06,5.49e-06,5.49e-06,calibration test w 8px per subap and 10µm stroke,unassessed,
,,,,7,1.25,0.080855804,20,11.0,10,64,6.0,5,1.88732475,3931.926562,0.001,5.5e-07,6.5e-07,1.0,4e-07,5.5e-07,1,1e-05,1.0,0.01,6.25,2.31,zonal,0.9,tikhonov,0.75,1,True,2.64e-06,2.64e-06,2.64e-06,calibration test w 6px per subap and 10µm stroke,unassessed,
,,,,8,1.25,0.080855804,20,11.0,10,64,5.0,5,1.88732475,3931.926562,0.001,5.5e-07,6.5e-07,1.0,4e-07,5.5e-07,1,1e-05,1.0,0.01,8.59,2.77,zonal,0.9,tikhonov,0.75,1,True,1.49e-05,1.49e-05,1.49e-05,calibration test w 5px per subap and 10µm stroke,unassessed,
,,,,9,1.25,0.080855804,20,11.0,10,64,4.0,5,1.88732475,3931.926562,0.001,5.5e-07,6.5e-07,1.0,4e-07,5.5e-07,1,1e-05,1.0,0.01,6.39,3.46,zonal,0.9,tikhonov,0.75,1,True,5.63e-05,5.63e-05,5.63e-05,calibration test w 4px per subap and 10µm stroke,unassessed,
,,,,10,1.25,0.080855804,20,11.0,10,64,10.0,5,1.88732475,1965.963281,0.001,5.5e-07,6.5e-07,1.0,4e-07,5.5e-07,1,1e-06,1.0,0.01,4.01,1.38,zonal,2.0,tikhonov,0.75,1,True,2.03e-06,2.03e-06,2.03e-06,"calibration test w 10px per subap, higher rcond 2",unassessed,
,,,,11,1.25,0.080855804,20,11.0,10,64,8.0,5,1.88732475,2621.284375,0.001,5.5e-07,6.5e-07,1.0,4e-07,5.5e-07,1,1e-06,1.0,0.01,5.04,1.73,zonal,2.0,tikhonov,0.75,1,True,9.21e-06,9.21e-06,9.21e-06,"calibration test w 8px per subap, higher rcond 2",unassessed,
,,,,12,1.25,0.080855804,20,11.0,10,64,6.0,5,1.88732475,3931.926562,0.001,5.5e-07,6.5e-07,1.0,4e-07,5.5e-07,1,1e-06,1.0,0.01,6.25,2.31,zonal,2.0,tikhonov,0.75,1,True,5.4e-06,5.4e-06,5.4e-06,"calibration test w 6px per subap, higher rcond 2",unassessed,
,,,,13,1.25,0.080855804,20,11.0,10,64,5.0,5,1.88732475,3931.926562,0.001,5.5e-07,6.5e-07,1.0,4e-07,5.5e-07,1,1e-06,1.0,0.01,8.59,2.77,zonal,2.0,tikhonov,0.75,1,True,9.31e-06,9.31e-06,9.31e-06,"calibration test w 5px per subap, higher rcond 2",unassessed,
,,,,14,1.25,0.080855804,20,11.0,10,64,4.0,5,1.88732475,3931.926562,0.001,5.5e-07,6.5e-07,1.0,4e-07,5.5e-07,1,1e-06,1.0,0.01,6.39,3.46,zonal,2.0,tikhonov,0.75,1,True,3.45e-06,3.45e-06,3.45e-06,"calibration test w 4px per subap, higher rcond 2",unassessed,
,,,,15,1.25,0.080855804,20,11.0,10,64,10.0,5,1.88732475,1965.963281,0.001,5.5e-07,6.5e-07,1.0,4e-07,5.5e-07,1,1.9e-06,1.0,0.01,4.01,1.38,zonal,2.0,tikhonov,0.75,1,True,4.12e-06,4.12e-06,4.12e-06,"calibration test w 10px per subap, higher rcond 2, stroke 1.9",unassessed,
,,,,16,1.25,0.080855804,20,11.0,10,64,8.0,5,1.88732475,2621.284375,0.001,5.5e-07,6.5e-07,1.0,4e-07,5.5e-07,1,1.9e-06,1.0,0.01,5.04,1.73,zonal,2.0,tikhonov,0.75,1,True,6.43e-06,6.43e-06,6.43e-06,"calibration test w 8px per subap, higher rcond 2, stroke 1.9",unassessed,
,,,,17,1.25,0.080855804,20,11.0,10,64,6.0,5,1.88732475,3931.926562,0.001,5.5e-07,6.5e-07,1.0,4e-07,5.5e-07,1,1.9e-06,1.0,0.01,6.25,2.31,zonal,2.0,tikhonov,0.75,1,True,1.8e-06,1.8e-06,1.8e-06,"calibration test w 6px per subap, higher rcond 2, stroke 1.9",unassessed,
,,,,18,1.25,0.080855804,20,11.0,10,64,5.0,5,1.88732475,3931.926562,0.001,5.5e-07,6.5e-07,1.0,4e-07,5.5e-07,1,1.9e-06,1.0,0.01,8.59,2.77,zonal,2.0,tikhonov,0.75,1,True,1.07e-06,1.07e-06,1.07e-06,"calibration test w 5px per subap, higher rcond 2, stroke 1.9",unassessed,
,,,,19,1.25,0.080855804,20,11.0,10,64,4.0,5,1.88732475,3931.926562,0.001,5.5e-07,6.5e-07,1.0,4e-07,5.5e-07,1,1.9e-06,1.0,0.01,6.39,3.46,zonal,2.0,tikhonov,0.75,1,True,1.6e-05,1.6e-05,1.6e-05,"calibration test w 4px per subap, higher rcond 2, stroke 1.9",unassessed,
,,,,20,1.25,0.080855804,20,11.0,10,64,8.0,5,1.88732475,2621.284375,0.001,5.5e-07,6.5e-07,1.0,4e-07,5.5e-07,1,1.9e-06,0.6,0.01,5.04,1.73,zonal,2.0,tikhonov,0.75,150,True,3.32e-05,3.32e-05,3.32e-05,"tuning gain and rcond. gain 0.6, rcond 2",unassessed,
,,,,21,1.25,0.080855804,20,11.0,10,64,8.0,5,1.88732475,2621.284375,0.001,5.5e-07,6.5e-07,1.0,4e-07,5.5e-07,1,1.9e-06,0.1,0.01,5.04,1.73,zonal,10.0,tikhonov,0.75,150,True,4.17e-06,4.17e-06,4.17e-06,"tuning gain and rcond. gain 0.1, rcond 10",unassessed,
,,,,21,1.25,0.080855804,20,11.0,10,64,8.0,5,1.88732475,2621.284375,0.001,5.5e-07,6.5e-07,1.0,4e-07,5.5e-07,1,1.9e-06,0.25,0.01,5.04,1.73,zonal,5.0,tikhonov,0.75,150,True,6.34e-06,6.34e-06,6.34e-06,"tuning gain and rcond. gain 0.25, rcond 5",unassessed,
,,,,22,1.25,0.080855804,20,11.0,10,64,8.0,5,1.88732475,2621.284375,0.001,5.5e-07,6.5e-07,1.0,4e-07,5.5e-07,1,1.9e-06,0.75,0.01,5.04,1.73,zonal,5.0,tikhonov,0.75,150,True,1.96e-05,1.96e-05,1.96e-05,"tuning gain and rcond. gain 0.75, rcond 5",unassessed,
,,,,23,1.25,0.080855804,20,11.0,10,64,8.0,5,1.88732475,2621.284375,0.001,5.5e-07,6.5e-07,1.0,4e-07,5.5e-07,1,1.9e-06,1.0,0.01,5.04,1.73,zonal,6.5,tikhonov,0.75,150,True,6.22e-06,6.22e-06,6.22e-06,"tuning gain and rcond. gain 1, rcond 6.5",unassessed,
,,,,24,1.25,0.080855804,20,11.0,10,64,8.0,5,1.88732475,2621.284375,0.001,5.5e-07,6.5e-07,1.0,4e-07,5.5e-07,1,1.9e-06,1.0,0.01,5.04,1.73,zonal,4.0,tikhonov,0.75,150,True,2.09e-06,2.09e-06,2.09e-06,"tuning gain and rcond. gain 1, rcond 4",unassessed,
,,,,24,1.25,0.080855804,20,11.0,10,64,8.0,5,1.88732475,2621.284375,0.001,5.5e-07,6.5e-07,1.0,4e-07,5.5e-07,1,1.9e-06,1.0,0.01,5.04,1.73,zonal,4.0,tikhonov,0.75,150,True,3.32e-06,3.32e-06,3.32e-06,"tuning gain and rcond. gain 1, rcond 4",unassessed,
,,,,25,1.25,0.080855804,20,11.0,10,64,8.0,5,1.88732475,2621.284375,0.001,5.5e-07,6.5e-07,1.0,4e-07,5.5e-07,1,5e-07,0.75,0.01,5.04,1.73,zonal,4.0,tikhonov,0.75,150,True,2.6e-06,2.6e-06,2.6e-06,"reduced stroke to 0.5 for 500nm. tuning gain and rcond. gain 0.75, rcond 4",unassessed,
,,,,25,1.25,0.080855804,20,11.0,10,64,8.0,5,1.88732475,2621.284375,0.001,5.5e-07,6.5e-07,1.0,4e-07,5.5e-07,1,1.9e-06,0.75,0.01,5.04,1.73,zonal,4.0,tikhonov,0.75,150,True,9.8e-06,9.8e-06,9.8e-06,"stroke back to 1.9. tuning gain and rcond. gain 0.75, rcond 4",unassessed,
,,,,26,1.25,0.080855804,20,11.0,10,64,8.0,5,1.88732475,2621.284375,0.001,5.5e-07,6.5e-07,1.0,4e-07,5.5e-07,1,1.9e-06,1.0,0.01,5.04,1.73,zonal,7.0,tikhonov,0.75,150,True,2.78e-06,2.78e-06,2.78e-06,"gain 1, rcond 7",unassessed,
,,,,26,1.25,0.080855804,20,11.0,10,64,8.0,5,1.88732475,2621.284375,0.001,5.5e-07,6.5e-07,1.0,4e-07,5.5e-07,1,1.9e-06,1.0,0.01,5.04,1.73,zonal,5.0,tikhonov,0.75,150,True,3.17e-05,3.17e-05,3.17e-05,"gain 1, rcond 5","frozen pattern, but later",
,,,,27,1.25,0.080855804,20,11.0,10,64,8.0,5,1.88732475,2621.284375,0.001,5.5e-07,6.5e-07,1.0,4e-07,5.5e-07,1,1.9e-06,1.0,0.01,5.04,1.73,zonal,6.5,tikhonov,0.75,150,True,1.55e-05,1.55e-05,1.55e-05,"gain 1, rcond 6.5",unassessed,
,,,,27,1.25,0.080855804,20,11.0,10,64,8.0,5,1.88732475,2621.284375,0.001,5.5e-07,6.5e-07,1.0,4e-07,5.5e-07,1,1.9e-06,2.0,0.01,5.04,1.73,zonal,6.5,tikhonov,0.75,150,True,1.97e-05,1.97e-05,1.97e-05,"gain 2, rcond 6.5",unassessed,
,,,,27,1.25,0.080855804,20,11.0,10,64,8.0,5,1.88732475,2621.284375,0.001,5.5e-07,6.5e-07,1.0,4e-07,5.5e-07,1,1.9e-06,0.4,0.01,5.04,1.73,zonal,2.0,tikhonov,0.75,150,True,1.16e-05,1.16e-05,1.16e-05,"gain 0.4, rcond 2",frozen pattern,
,,,,28,1.25,0.080855804,20,11.0,10,64,8.0,5,1.88732475,2621.284375,0.001,5.5e-07,6.5e-07,1.0,4e-07,5.5e-07,1,1.9e-06,0.2,0.01,5.04,1.73,zonal,0.75,tikhonov,0.75,150,True,5.59e-06,5.59e-06,5.59e-06,"gain 0.2, rcond 0.75",unassessed,
,,,,28,1.25,0.080855804,20,11.0,10,64,8.0,5,1.88732475,2621.284375,0.001,5.5e-07,6.5e-07,1.0,4e-07,5.5e-07,1,1.9e-06,0.1,0.01,5.04,1.73,zonal,1.0,tikhonov,0.75,150,True,2.71e-06,2.71e-06,2.71e-06,"gain 0.1, rcond 1",frozen pattern,
,,,,29,1.25,0.080855804,20,11.0,10,64,10.0,5,1.88732475,1965.963281,0.001,5.5e-07,6.5e-07,1.0,4e-07,5.5e-07,1,1.9e-06,0.1,0.01,4.01,1.38,zonal,1.0,tikhonov,0.75,150,True,1.13e-05,1.13e-05,1.13e-05,"10px/subap now. Gain 0.1, rcond 1","gain too low, but no freeze now",
,,,,30,1.25,0.080855804,20,11.0,10,64,10.0,5,1.88732475,1965.963281,0.001,5.5e-07,6.5e-07,1.0,4e-07,5.5e-07,1,1.9e-06,0.3,0.01,4.01,1.38,zonal,1.0,tikhonov,0.75,150,True,4.56e-06,4.56e-06,4.56e-06,"10px/subap now. Gain 0.3, rcond 1",unassessed,
,,,,31,1.25,0.080855804,20,11.0,10,64,10.0,5,1.88732475,1965.963281,0.001,5.5e-07,6.5e-07,1.0,4e-07,5.5e-07,1,1.9e-06,0.2,0.01,4.01,1.38,zonal,3.0,tikhonov,0.75,150,True,5.24e-06,5.24e-06,5.24e-06,"10px/subap now. Gain 0.2, rcond 3",unassessed,
,,,,31,1.25,0.080855804,20,11.0,10,64,10.0,5,1.88732475,1965.963281,0.001,5.5e-07,6.5e-07,1.0,4e-07,5.5e-07,1,1.9e-06,0.4,0.01,4.01,1.38,zonal,3.0,tikhonov,0.75,150,True,1.48e-05,1.48e-05,1.48e-05,"10px/subap now. Gain 0.4, rcond 3",unassessed,
,,,,31,1.25,0.080855804,20,11.0,10,64,10.0,5,1.88732475,1965.963281,0.001,5.5e-07,6.5e-07,1.0,4e-07,5.5e-07,1,1.9e-06,0.8,0.01,4.01,1.38,zonal,3.0,tikhonov,0.75,150,True,3.37e-06,3.37e-06,3.37e-06,"10px/subap now. Gain 0.8, rcond 3","gain  too low, lowering rcond",
,,,,31,1.25,0.080855804,20,11.0,10,64,10.0,5,1.88732475,1965.963281,0.001,5.5e-07,6.5e-07,1.0,4e-07,5.5e-07,1,1.9e-06,0.8,0.01,4.01,1.38,zonal,1.5,tikhonov,0.75,150,True,5.39e-06,5.39e-06,5.39e-06,"10px/subap now. Gain 0.8, rcond 1.5",frozen pattern again. A bit delayed,
,,,,32,1.25,0.0808558040488617,20,11.0,10,64,10.0,5,1.88732475,1965.9632812499997,0.001,5.5e-07,6.499999999999999e-07,1.0,4e-07,5.5e-07,1,6.1e-07,0.5,0.01,4.01,1.38,zonal,2.0,tikhonov,0.75,150,True,2.3172301842435504e-05,2.3172301842435504e-05,2.3172301842435504e-05,"Reduced to stroke for WFS wavelength. Still 10px. Gain 0.5, rcond 2",unassessed,
,,,,32,1.25,0.0808558040488617,20,11.0,10,64,10.0,5,1.88732475,1965.9632812499997,0.001,5.5e-07,6.499999999999999e-07,1.0,4e-07,5.5e-07,1,6.1e-07,0.5,0.01,4.01,1.38,zonal,2.0,tikhonov,0.75,150,True,1.273717455116799e-05,1.273717455116799e-05,1.273717455116799e-05,"Reduced to stroke for WFS wavelength. Still 10px. Gain 0.5, rcond 2",unassessed,
,,,,32,1.25,0.0808558040488617,20,11.0,10,64,10.0,5,1.88732475,1965.9632812499997,0.001,5.5e-07,6.499999999999999e-07,1.0,4e-07,5.5e-07,1,6.1e-07,0.9,0.01,4.01,1.38,zonal,2.0,tikhonov,0.75,150,True,4.053712180322773e-05,4.053712180322773e-05,4.053712180322773e-05,"Reduced to stroke for WFS wavelength. Still 10px. Gain 0.9, rcond 2",unassessed,
,,,,32,1.25,0.0808558040488617,20,11.0,10,64,10.0,5,1.88732475,1965.9632812499997,0.001,5.5e-07,6.499999999999999e-07,1.0,4e-07,5.5e-07,1,6.1e-07,0.9,0.01,4.01,1.38,zonal,2.0,tikhonov,0.75,150,True,8.54885572309982e-05,8.54885572309982e-05,8.54885572309982e-05,"Reduced to stroke for WFS wavelength. Still 10px. Gain 0.9, rcond 2",unassessed,
,,,,32,1.25,0.0808558040488617,20,11.0,10,64,10.0,5,1.88732475,1965.9632812499997,0.001,5.5e-07,6.499999999999999e-07,1.0,4e-07,5.5e-07,1,6.1e-07,0.9,0.01,4.01,1.38,zonal,0.7,tikhonov,0.75,150,True,2.871238046593834e-05,2.871238046593834e-05,2.871238046593834e-05,"Gain 0.9, rcond 0.7",unassessed,
,,,,32,1.25,0.0808558040488617,20,11.0,10,64,10.0,5,1.88732475,1965.9632812499997,0.001,5.5e-07,6.499999999999999e-07,1.0,4e-07,5.5e-07,1,2e-06,0.9,0.01,4.01,1.38,zonal,0.6,tikhonov,0.75,150,True,1.6557969030514843e-06,1.6557969030514843e-06,1.6557969030514843e-06,"Stroke 2. Gain 0.9, rcond 0.6",unassessed,
,,,,32,1.25,0.0808558040488617,20,11.0,10,64,10.0,5,1.88732475,1965.9632812499997,0.001,5.5e-07,6.499999999999999e-07,1.0,4e-07,5.5e-07,1,4e-06,0.6,0.01,4.01,1.38,zonal,3.0,tikhonov,0.75,150,True,2.6215117264961707e-05,2.6215117264961707e-05,2.6215117264961707e-05,"Stroke 4. Gain 0.6, rcond 3",unassessed,
,,,,33,1.25,0.0808558040488617,0,11.0,10,64,10.0,5,1.88732475,1965.9632812499997,0.001,5.5e-07,6.499999999999999e-07,1.0,4e-07,5.5e-07,1,4e-06,0.6,0.01,4.01,1.38,zonal,3.0,tikhonov,0.75,150,True,2.070083817141084e-06,2.070083817141084e-06,2.070083817141084e-06,"Stroke 4. Gain 0.6, rcond 3",unassessed,
,,,,33,1.25,0.0808558040488617,0,11.0,10,64,10.0,5,1.88732475,1965.9632812499997,0.001,5.5e-07,6.499999999999999e-07,1.0,4e-07,5.5e-07,1,1e-06,0.6,0.01,4.01,1.38,zonal,0.1,tikhonov,0.75,150,True,1.562411678806173e-05,1.562411678806173e-05,1.562411678806173e-05,"Stroke 1. Gain 0.6, rcond 0.1",unassessed,
,,,,33,1.25,0.0808558040488617,0,11.0,10,64,10.0,5,1.88732475,1965.9632812499997,0.001,5.5e-07,6.499999999999999e-07,1.0,4e-07,5.5e-07,1,6e-06,0.6,0.01,4.01,1.38,zonal,0.1,tikhonov,0.75,150,True,1.5016163168787258e-05,1.5016163168787258e-05,1.5016163168787258e-05,"Stroke 1. Gain 0.6, rcond 0.1",unassessed,
,,,,33,1.25,0.0808558040488617,0,11.0,10,64,10.0,5,1.88732475,1965.9632812499997,0.001,5.5e-07,6.499999999999999e-07,1.0,4e-07,5.5e-07,1,6e-06,0.6,0.01,4.01,1.38,zonal,0.9,tikhonov,0.75,150,True,6.9779120891665985e-06,6.9779120891665985e-06,6.9779120891665985e-06,"froze. higher rcond now, Gain 0.6, rcond 0.9",unassessed,
,,,,33,1.25,0.0808558040488617,0,97.89433793876672,10,64,10.0,5,1.88732475,1965.9632812499997,0.001,5.5e-07,6.499999999999999e-07,0.006,4e-07,5.5e-07,1,1e-06,0.6,0.01,4.01,1.38,modal,0.9,tikhonov,0.75,150,True,0.0113067639515971,0.2066066440522847,0.3018734970462268,trying to replicate old simulation,unassessed,
,,,,34,1.25,0.0808558040488617,20,97.89433793876672,10,64,10.0,5,1.88732475,1965.9632812499997,0.001,5.5e-07,6.499999999999999e-07,0.006,4e-07,5.5e-07,1,1e-06,0.7,0.01,4.01,1.38,modal,0.9,tikhonov,0.75,150,True,0.0047919300271841,0.0147734096303978,0.0485638736368622,"33 works. using modal. gain 0.7, rcond 0.9",unassessed,
,,,,34,1.25,0.0808558040488617,20,97.89433793876672,10,64,10.0,5,1.88732475,1965.9632812499997,0.001,5.5e-07,6.499999999999999e-07,0.006,4e-07,5.5e-07,1,2e-06,0.7,0.01,4.01,1.38,modal,0.1,tikhonov,0.75,150,True,0.007279608563385,0.0009223754711191,0.0126538936767144,"33 works. using modal. stroke 2, gain 0.7, rcond 0.1",unassessed,
,,,,34,1.25,0.0808558040488617,20,97.89433793876672,10,64,10.0,5,1.88732475,1965.9632812499997,0.001,5.5e-07,6.499999999999999e-07,0.006,4e-07,5.5e-07,1,1e-06,0.2,0.01,4.01,1.38,modal,0.9,tikhonov,0.75,150,True,0.0232539654166215,0.0333682682279622,0.1030850117805142,"33 works. using modal. stroke 1, gain 0.2, rcond 0.9",unassessed,
,,,,34,1.25,0.0808558040488617,20,97.89433793876672,10,64,10.0,5,1.88732475,1965.9632812499997,0.001,5.5e-07,6.499999999999999e-07,0.006,4e-07,5.5e-07,1,1e-06,0.2,0.01,4.01,1.38,modal,0.9,tikhonov,0.75,150,True,0.0087575481148403,0.009807969114861,0.0353080359858219,"33 works. using modal. stroke 1, gain 0.2, rcond 0.9",unassessed,
,,,,34,1.25,0.0808558040488617,20,97.89433793876672,10,64,10.0,5,1.88732475,1965.9632812499997,0.001,5.5e-07,6.499999999999999e-07,0.006,4e-07,5.5e-07,1,2e-06,0.2,0.01,4.01,1.38,modal,30.0,tikhonov,0.75,150,True,0.0068038122836916,0.0067781996133163,0.0154375050289233,"33 works. using modal. stroke 2, gain 0.2, rcond 30",unassessed,
,,,,34,1.25,0.0808558040488617,20,97.89433793876672,10,64,10.0,5,1.88732475,1965.9632812499997,0.001,5.5e-07,6.499999999999999e-07,0.006,4e-07,5.5e-07,1,2e-06,0.2,0.01,4.01,1.38,modal,30.0,tikhonov,0.75,150,True,0.009261751503567,0.0093035859131421,0.0343624546352664,"33 works. using modal. stroke 2, gain 0.75, rcond 20",unassessed,
,,,,34,1.25,0.0808558040488617,20,97.89433793876672,10,64,10.0,5,1.88732475,1965.9632812499997,0.001,5.5e-07,6.499999999999999e-07,0.006,4e-07,5.5e-07,1,2e-06,0.75,0.01,4.01,1.38,modal,15.0,tikhonov,0.75,150,True,0.0156827196287856,0.0165130912151085,0.0642466748859437,"33 works. using modal. stroke 2, gain 0.75, rcond 15",unassessed,
,,,,34,1.25,0.0808558040488617,20,97.89433793876672,10,64,10.0,5,1.88732475,1965.9632812499997,0.001,5.5e-07,6.499999999999999e-07,0.006,4e-07,5.5e-07,1,6e-06,0.5,0.01,4.01,1.38,modal,30.0,tikhonov,0.75,150,True,0.0085154486011107,0.008186014785263,0.034120039412053,"modal. stroke 6, gain 0.5, rcond 30",unassessed,
,,,,34,1.25,0.0808558040488617,20,97.89433793876672,10,64,10.0,5,1.88732475,1965.9632812499997,0.001,5.5e-07,6.499999999999999e-07,0.006,4e-07,5.5e-07,1,6e-06,0.5,0.01,4.01,1.38,modal,1.0,tikhonov,0.75,150,True,0.0059454240619047,0.0003697465678201,0.0025768357205101,"dm not moving. modal. stroke 6, gain 0.5, rcond 1",unassessed,
,,,,34,1.25,0.0808558040488617,20,97.89433793876672,10,64,10.0,5,1.88732475,1965.9632812499997,0.001,5.5e-07,6.499999999999999e-07,0.006,4e-07,5.5e-07,1,2e-06,0.7,0.01,4.01,1.38,modal,0.9,tikhonov,0.75,150,True,0.0093213187543854,0.018855277549314,0.0591494692317155,"dm not moving. modal. stroke 2, gain 0.7, rcond 0.9",unassessed,
,,,,34,1.25,0.0808558040488617,20,97.89433793876672,10,64,10.0,5,1.88732475,1965.9632812499997,0.001,5.5e-07,6.499999999999999e-07,0.006,4e-07,5.5e-07,1,2e-06,1.0,0.01,4.01,1.38,modal,0.9,tikhonov,0.75,150,True,0.0161416142040171,0.047045040179547,0.1629623521577102,"dm not moving. modal. stroke 2, gain 1, rcond 0.9",unassessed,
,,,,34,1.25,0.0808558040488617,20,97.89433793876672,10,64,10.0,5,1.88732475,1965.9632812499997,0.001,5.5e-07,6.499999999999999e-07,0.006,4e-07,5.5e-07,1,2e-06,1.0,0.01,4.01,1.38,modal,0.9,tikhonov,0.75,550,True,0.0097599490795515,0.0256970968195408,0.1206595020131685,"dm not moving. modal. stroke 2, gain 1, rcond 0.9",unassessed,
,,,,35,1.25,0.0808558040488617,20,97.89433793876672,10,64,10.0,5,1.88732475,1965.9632812499997,0.001,5.5e-07,6.499999999999999e-07,0.006,4e-07,5.5e-07,1,4e-06,1.0,0.01,4.01,1.38,modal,0.9,tikhonov,0.75,550,True,0.0124310443750041,0.0002575851722114,0.0033729356640188,"modal. stroke 4, gain 1, rcond 0.9",unassessed,
,,,,35,1.25,0.08085580404886177,20,97.89433793876671,10,64,10.0,5,1.8873247499999999,1965.9632812499995,0.001,5.5e-07,6.499999999999999e-07,0.006,4e-07,5.5e-07,1,4e-06,0.4,0.01,4.01,1.38,modal,0.9,tikhonov,0.75,550,True,0.008801324109408721,0.0008287700889966213,0.023662143480576478,"modal. stroke 4, gain 1, rcond 0.9",unassessed,
