x,y
354.686,83.231
396.491,86.064
421.198,88.288
448.46,89.865
482.72,90.87
522.031,91.084
554.952,90.764
587.934,90.333
621.525,89.362
671.607,87.5
698.869,86.099
728.686,84.488
750.228,82.945
774.326,81.403
792.034,79.826
822.46,78.284
853.556,78.928
875.098,80.543
887.147,82.371
913.131,84.199
932.786,85.992
956.884,87.534
980.921,88.898
1017.067,90.189
1044.938,91.194
1081.084,91.803
1124.29,92.557
1168.165,93.356
1210.64,93.759
1245.995,94.237
1287.071,94.316
1323.157,94.836
1364.171,94.998
1407.316,95.318
1444.132,95.597
1479.548,95.597
1514.173,95.879
1558.778,95.958
1594.864,96.237
1639.469,96.358
1683.283,96.158
1723.628,96.561
1763.243,96.561
1802.919,96.599
1839.674,96.719
1882.88,97.039
1921.764,96.719
1955.051,96.719
1989.737,96.798