wavelenght (angstrom),flux (erg/s/cm2/angstrom)
2800,4.72E-21
2810,4.214E-18
2820,1.767E-16
2830,1.916E-15
2840,9.913E-14
2850,1.524E-12
2860,2.876E-11
2870,4.299E-10
2880,7.658E-09
2890,8.408E-08
2900,6.943E-07
2910,0.000004818
2920,0.00002678
2930,0.0001103
2940,0.0004288
2950,0.001472
2960,0.00486
2970,0.01125
2980,0.02803
2990,0.05493
3000,0.1015
3010,0.1925
3020,0.32
3030,0.6875
3040,0.9925
3050,1.585
3060,1.918
3070,2.803
3080,3.805
3090,4.133
3100,5.253
3110,7.863
3120,9.218
3130,10.49
3140,11.88
3150,13
3160,12.85
3170,16.85
3180,17.93
3190,19.7
3200,21.25
3210,24.58
3220,22.43
3230,22.23
3240,27
3250,29.03
3260,37.23
3270,39.6
3280,36.38
3290,42
3300,45.85
3310,41.2
3320,43.13
3330,42.5
3340,41.95
3350,45.55
3360,41.53
3370,38.15
3380,42.98
3390,46.28
3400,49.3
3410,47.68
3420,48.75
3430,50.43
3440,43.03
3450,45.15
3460,48.13
3470,48.65
3480,47.63
3490,47.18
3500,52.38
3510,54.88
3520,51.23
3530,52.43
3540,59.68
3550,60.48
3560,55.28
3570,47.23
3580,42.93
3590,47.45
3600,58
3610,52.75
3620,53.93
3630,59.18
3640,59.83
3650,63.18
3660,72.1
3670,72.08
3680,67.5
3690,69.65
3700,73.25
3710,69.53
3720,67.63
3730,60.78
3740,55.43
3750,59.43
3760,66.45
3770,71.85
3780,83.3
3790,74.53
3800,70.3
3810,73.98
3820,59.05
3830,46.33
3840,51.68
3850,64.95
3860,63.1
3870,64.6
3880,63.45
3890,68.85
3900,78.73
3910,84
3920,77.7
3930,49.93
3940,51.25
3950,78.75
3960,72.88
3970,50.68
3980,83.2
3990,106
4000,111.4
4010,115.9
4020,119
4030,116.8
4040,117.4
4050,115
4060,112.1
4070,110.9
4080,115.4
4090,119.8
4100,108.8
4110,116.4
4120,122.5
4130,119.5
4140,118.6
4150,122
4160,125.1
4170,122.6
4180,118.4
4190,120.1
4200,115.1
4210,124.9
4220,124.8
4230,121.5
4240,121.5
4250,124
4260,121
4270,117.6
4280,116.8
4290,107.4
4300,88.93
4310,86.8
4320,124.3
4330,122.9
4340,115.6
4350,124.1
4360,134.9
4370,136.5
4380,123.5
4390,119.9
4400,132.5
4410,134.4
4420,141.1
4430,143.3
4440,141.3
4450,143.4
4460,135.1
4470,146.9
4480,149.9
4490,150.8
4500,155.9
4510,159.5
4520,153.5
4530,145.6
4540,151.6
4550,152.8
4560,156.5
4570,157.5
4580,155.1
4590,153.1
4600,152.9
4610,157.4
4620,159
4630,159.3
4640,155.4
4650,153.6
4660,154.8
4670,150.8
4680,155.1
4690,155.3
4700,151.1
4710,153.6
4720,159.3
4730,155.9
4740,156.5
4750,159.8
4760,156.8
4770,157.5
4780,161
4790,159.6
4800,160.8
4810,161.1
4820,161.6
4830,159.9
4840,157.3
4850,152.5
4860,132.5
4870,141.6
4880,151.4
4890,148.3
4900,159.1
4910,155.8
4920,150.4
4930,157.1
4940,156.6
4950,161.9
4960,157.4
4970,158.1
4980,155.5
4990,154.9
5000,153.5
5010,149.6
5020,149.9
5030,153.8
5040,147.8
5050,155.4
5060,160.4
5070,155.4
5080,152.4
5090,156.6
5100,154.9
5110,157.1
5120,159.4
5130,152.6
5140,149.1
5150,152.5
5160,150.4
5170,131.8
5180,141.1
5190,141.3
5200,150.5
5210,153.3
5220,154.5
5230,149.6
5240,157.3
5250,156.8
5260,151.1
5270,138.8
5280,151.5
5290,158.4
5300,155.8
5310,160.8
5320,158
5330,145.6
5340,151.9
5350,155.6
5360,159.5
5370,151.6
5380,155.5
5390,152.9
5400,147.9
5410,144.4
5420,153
5430,153
5440,156
5450,154.1
5460,152.5
5470,153.3
5480,151.1
5490,154.3
5500,154
5510,153.6
5520,155.9
5530,153
5540,154.8
5550,155.5
5560,152.9
5570,150
5580,151.4
5590,145.5
5600,147.8
5610,153.9
5620,149.8
5630,152.9
5640,151.5
5650,150.8
5660,145.4
5670,151.5
5680,150.9
5690,148.4
5700,147.4
5710,144.6
5720,150.1
5730,151.8
5740,150.6
5750,147.4
5760,146.6
5770,148.9
5780,145.9
5790,147.1
5800,149.6
5810,150.4
5820,152.8
5830,153.9
5840,153.9
5850,152.6
5860,149.9
5870,151.3
5880,146.9
5890,132.5
5900,137.1
5910,144.5
5920,143.6
5930,144.6
5940,144
5950,143.6
5960,146.5
5970,146.9
5980,146.1
5990,146.1
6000,146.6
6010,145
6020,143.6
6030,146
6040,148.6
6050,148.9
6060,148.3
6070,148.8
6080,148
6090,147
6100,146.1
6110,146.3
6120,147.5
6130,145.6
6140,142.4
6150,145.8
6160,143.3
6170,141.9
6180,145.5
6190,146.9
6200,147.1
6210,147.1
6220,142.6
6230,141.1
6240,140.9
6250,140.1
6260,140.5
6270,142.5
6280,137.6
6290,140.1
6300,139.5
6310,140.1
6320,137.8
6330,143.5
6340,142.6
6350,143.4
6360,142
6370,145.5
6380,146.8
6390,145.8
6400,143.4
6410,143
6420,143.3
6430,144.6
6440,144.3
6450,144.4
6460,141.4
6470,140
6480,138.6
6490,135.6
6500,136.9
6510,142.3
6520,139.4
6530,142.1
6540,140.5
6550,133.6
6560,120.9
6570,125
6580,136.4
6590,139
6600,139.8
6610,139
6620,138.1
6630,138.1
6640,139.3
6650,141.6
6660,141.9
6670,141.1
6680,141.4
6690,143.4
6700,142.1
6710,140.9
6720,139.5
6730,140.6
6740,140
6750,139.4
6760,140.6
6770,140.1
6780,139.9
6790,139.1
6800,139
6810,139
6820,138.9
6830,138
6840,137.1
6850,136.6
6860,129.7
6870,103.1
6880,110.1
6890,112.8
6900,117.9
6910,122.9
6920,126.4
6930,125.9
6940,124.6
6950,126.5
6960,127.1
6970,132.8
6980,131.9
6990,129.3
7000,127.9
7010,126.3
7020,126.1
7030,127.3
7040,129.9
7050,131.6
7060,131.1
7070,130.9
7080,130.3
7090,130.9
7100,131
7110,130.9
7120,130
7130,129.3
7140,129.4
7150,126.6
7160,124.8
7170,111.3
7180,102.5
7190,94.24
7200,98.74
7210,108.8
7220,120.8
7230,114.1
7240,106
7250,104.6
7260,107.5
7270,107.5
7280,104.5
7290,105.1
7300,111.1
7310,108.8
7320,114.5
7330,119
7340,122.3
7350,121.1
7360,120.1
7370,120.3
7380,121.4
7390,119.8
7400,121.5
7410,121.1
7420,121.4
7430,123.8
7440,124.9
7450,124.9
7460,124.1
7470,124
7480,123.9
7490,123.1
7500,123
7510,123
7520,122.9
7530,122.4
7540,123.6
7550,123
7560,122.1
7570,122.1
7580,122.4
7590,107.9
7600,36.68
7610,23.44
7620,58.1
7630,43.64
7640,53.55
7650,68.16
7660,81.59
7670,96.85
7680,109.4
7690,112.4
7700,115.6
7710,116.9
7720,117
7730,117
7740,117
7750,117.1
7760,117.8
7770,117.1
7780,117
7790,116.9
7800,116.1
7810,116
7820,116
7830,115.9
7840,115.3
7850,115.9
7860,115.8
7870,114.1
7880,113
7890,111.8
7900,109.5
7910,109.8
7920,109
7930,108.3
7940,108.9
7950,108.8
7960,107.5
7970,109
7980,110.5
7990,109
8000,107.4
8010,107.9
8020,107.8
8030,106.5
8040,107.4
8050,105.9
8060,108.4
8070,108.1
8080,107.6
8090,105.4
8100,105
8110,104.6
8120,102.3
8130,99.76
8140,91.36
8150,88.61
8160,84.03
8170,84.3
8180,83.4
8190,88.71
8200,88.15
8210,97.23
8220,92
8230,73.84
8240,90.38
8250,95.81
8260,94.19
8270,95.88
8280,87.39
8290,91.53
8300,91.58
8310,91.64
8320,90.34
8330,94.34
8340,94.25
8350,98.76
8360,97.88
8370,100.3
8380,99.8
8390,99.93
8400,100.9
8410,100.8
8420,99.68
8430,99.71
8440,98.85
8450,100.8
8460,101.5
8470,99.29
8480,98.83
8490,97.23
8500,91.26
8510,96.13
8520,96.7
8530,94.85
8540,87.08
8550,90.99
8560,96.49
8570,98.66
8580,98.9
8590,98.85
8600,98.54
8610,98.51
8620,99.18
8630,99.45
8640,97.68
8650,94.79
8660,86.94
8670,91.01
8680,94.95
8690,95.04
8700,96.1
8710,95.44
8720,96.11
8730,95.33
8740,93.83
8750,92.9
8760,94.71
8770,95.23
8780,94.84
8790,93.64
8800,93.28
8810,91.29
8820,92.66
8830,92.78
8840,93.11
8850,93.59
8860,91
8870,90.91
8880,92
8890,92.91
8900,92.26
8910,92.06
8920,90.38
8930,87.26
8940,84.7
8950,80.94
8960,75.44
8970,68.25
8980,68.84
8990,59.23
9000,69.81
9010,62.43
9020,66.01
9030,70.38
9040,81.93
9050,81.31
9060,76.13
9070,65.56
9080,65.49
9090,68.56
9100,63.83
9110,66.33
9120,67.69
9130,63.43
9140,63.16
9150,65.7
9160,60.68
9170,69.18
9180,62.64
9190,71.94
9200,74.59
9210,76.35
9220,71.36
9230,73.44
9240,72.08
9250,70.93
9260,71.25
9270,74.99
9280,60.79
9290,53.99
9300,44.3
9310,39.74
9320,30.7
9330,24.14
9340,16.95
9350,22.55
9360,17.24
9370,16.74
9380,22.01
9390,38.23
9400,44.86
9410,38.75
9420,38.41
9430,29.46
9440,29.44
9450,33.51
9460,23.76
9470,33.59
9480,31.26
9490,42.23
9500,23.21
9510,41.34
9520,30.41
9530,34.36
9540,40.26
9550,34.88
9560,32.15
9570,30.09
9580,42.54
9590,38.96
9600,41.84
9610,45.25
9620,45.13
9630,49.03
9640,46.85
9650,49.63
9660,50.11
9670,51.96
9680,63.56
9690,67.34
9700,64.93
9710,69.89
9720,67.91
9730,61.13
9740,57.96
9750,58.4
9760,58.06
9770,62.56
9780,61.89
9790,62.9
9800,62.06
9810,69.49
9820,68.98
9830,67.84
9840,72.04
9850,70
9860,73.96
9870,73.8
9880,73.53
9890,74.31
9900,73.48
9910,74.81
9920,74.75
9930,73.89
9940,74.96
9950,74.99
9960,74.63
9970,73.9
9980,73.7
9990,73.58
10000,73.45
10010,73.89
10020,72.88
10030,72.99
10040,71.73
10050,68.9
10060,70.89
10070,72.33
10080,72.41
10090,71.88
10100,71.76
10110,72
10120,71.74
10130,71.65
10140,71.7
10150,70.8
10160,70.76
10170,70.34
10180,70.75
10190,69.14
10200,69.61
10210,69.81
10220,69.01
10230,69.19
10240,69.04
10250,69.49
10260,69.39
10270,69.15
10280,69.09
10290,68.56
10300,68.79
10310,68.56
10320,68.44
10330,67.6
10340,67.78
10350,67.98
10360,67.91
10370,67.35
10380,67.09
10390,67.3
10400,67.05
10410,67
10420,66.91
10430,66.43
10440,66.53
10450,66.11
10460,64.85
10470,65.45
10480,65.98
10490,65.7
10500,65.35
10510,65.25
10520,64.93
10530,64.7
10540,64.55
10550,64.65
10560,64.5
10570,64.24
10580,63.45
10590,62.15
10600,63
10610,62.24
10620,62.83
10630,62.34
10640,62.85
10650,62.59
10660,61.7
10670,61.84
10680,61.4
10690,59.14
10700,60.23
10710,61.34
10720,61.26
10730,60.58
10740,61.41
10750,59.74
10760,60.9
10770,60.41
10780,60.23
10790,60.2
10800,59.48
10810,58.23
10820,58.79
10830,59.26
10840,58.13
10850,58.53
10860,55.94
10870,56.68
10880,58.61
10890,57.66
10900,56.11
10910,58.2
10920,57.2
10930,52.15
10940,53.2
10950,51.93
10960,51.35
10970,55.83
10980,51.19
10990,50.28
11000,48.83
11010,49.1
11020,47.11
11030,46.55
11040,47.08
11050,48.66
11060,42.11
11070,46.29
11080,42.23
11090,42.05
11100,45.14
11110,35.95
11120,38.39
11130,28.99
11140,28.89
11150,24.93
11160,19.18
11170,11.18
11180,18.68
11190,12.96
11200,14.38
11210,16.67
11220,10.02
11230,11.97
11240,11.5
11250,12.79
11260,7.618
11270,13.65
11280,10.71
11290,10.07
11300,10.29
11310,25.92
11320,23.08
11330,14.91
11340,5.225
11350,3.275
11360,13.38
11370,25.66
11380,22.54
11390,28.08
11400,25.26
11410,20.46
11420,23.1
11430,27.54
11440,14.19
11450,14.33
11460,14.34
11470,9.763
11480,23.71
11490,21.24
11500,14.34
11510,19.83
11520,24.03
11530,22.64
11540,17.51
11550,28.68
11560,28.83
11570,30.94
11580,31.45
11590,32.66
11600,29.99
11610,33.96
11620,36.35
11630,44.4
11640,40.76
11650,38.79
11660,38.01
11670,40.58
11680,41.74
11690,42.59
11700,45.14
11710,44.91
11720,45.33
11730,44
11740,36.53
11750,43.96
11760,47.15
11770,45.75
11780,38.84
11790,46.13
11800,44.63
11810,43.56
11820,35.29
11830,42.04
11840,41.96
11850,41.64
11860,46.45
11870,44.18
11880,35.91
11890,41.06
11900,45.33
11910,45.04
11920,46.63
11930,45.73
11940,46.34
11950,44.68
11960,43.78
11970,46.49
11980,42.98
11990,38.3
12000,43.53
12010,43.74
12020,43.56
12030,42.44
12040,37.94
12050,43.21
12060,46.81
12070,43.58
12080,42.93
12090,42.03
12100,44.33
12110,42.53
12120,42.91
12130,45.81
12140,43.66
12150,43.25
12160,45.89
12170,45.59
12180,45.59
12190,44.81
12200,45.64
12210,46.14
12220,45.09
12230,44.44
12240,44.83
12250,46
12260,46.19
12270,44.05
12280,46.1
12290,46.5
12300,46.14
12310,46.88
12320,46.43
12330,45.65
12340,46.64
12350,46.51
12360,46.68
12370,46.34
12380,46.56
12390,46.15
12400,45.95
12410,46.08
12420,46.04
12430,45.64
12440,45.44
12450,45.53
12460,45.74
12470,45.64
12480,45.7
12490,45.76
12500,45.56
12510,45.15
12520,44.96
12530,44.6
12540,44.34
12550,44.69
12560,43.96
12570,43.59
12580,44.05
12590,42.88
12600,42.7
12610,41.06
12620,39.74
12630,39.49
12640,37.68
12650,39.05
12660,38.58
12670,38.44
12680,35.59
12690,27.89
12700,37.11
12710,40.45
12720,40.75
12730,40.54
12740,40.58
12750,41.09
12760,41.58
12770,41.95
12780,42.48
12790,42.31
12800,42.01
12810,40.81
12820,38.13
12830,40.35
12840,41.86
12850,42.3
12860,42.5
12870,42.14
12880,41.79
12890,40.99
12900,41.21
12910,41.36
12920,39.98
12930,40.8
12940,40.41
12950,40.19
12960,38.78
12970,37.49
12980,39.04
12990,39.81
13000,36
13010,36.36
13020,38.15
13030,34.51
13040,31.6
13050,37.26
13060,37.33
13070,31.99
13080,34.55
13090,36.8
13100,31.45
13110,32.88
13120,32.98
13130,31.23
13140,29.08
13150,29.01
13160,31.68
13170,31.51
13180,32.14
13190,27.48
13200,26.43
13210,29.34
13220,29.2
13230,24.44
13240,26.56
13250,30.85
13260,28.34
13270,26.38
13280,23.09
13290,19.06
13300,21.19
13310,15.48
13320,15.21
13330,19.15
13340,18.1
13350,21.73
13360,18.66
13370,16.81
13380,17.6
13390,17.53
13400,16.93
13410,17.08
13420,17.06
13430,12.69
13440,8.605
13450,9.843
13460,6.461
13470,5.276
13480,1.303
13490,1.466
13500,1.459
13510,0.5638
13520,0.1713
13530,0.03
13540,0.02375
13550,0.00375
13560,0.00125
13570,0.0075
13580,0.00125
13590,0
13600,0
13610,0
13620,0
13630,0
13640,0
13650,0
13660,0
13670,0
13680,0
13690,0
13700,0
13710,0
13720,0
13730,0.0025
13740,0.01875
13750,0.02875
13760,0.0275
13770,0.025
13780,0.085
13790,0.0225
13800,0.00875
13810,0.00125
13820,0
13830,0
13840,0
13850,0
13860,0.0025
13870,0.015
13880,0.01
13890,0.05125
13900,0.04875
13910,0.02875
13920,0.005
13930,0.00875
13940,0.00875
13950,0.00125
13960,0
13970,0.01625
13980,0.1075
13990,0.07625
14000,0.01
14010,0.0225
14020,0.165
14030,0.2113
14040,0.0825
14050,0.03375
14060,0.1525
14070,0.06
14080,0.13
14090,0.07125
14100,0.07125
14110,0.1963
14120,0.5125
14130,1.785
14140,0.3238
14150,0.4638
14160,2.811
14170,1.49
14180,1.185
14190,0.4288
14200,0.755
14210,1.363
14220,3.694
14230,1.479
14240,1.705
14250,2.493
14260,3.018
14270,4.108
14280,1.429
14290,3.666
14300,5.704
14310,4.549
14320,1.259
14330,2.97
14340,2.281
14350,2.344
14360,3.505
14370,2.878
14380,1.999
14390,4.476
14400,3.995
14410,3.324
14420,3.673
14430,4.59
14440,5.801
14450,4.778
14460,2.796
14470,4.433
14480,10.35
14490,9.429
14500,3.463
14510,1.959
14520,5.826
14530,8.618
14540,12.12
14550,7.766
14560,8.91
14570,11.58
14580,13.7
14590,14.99
14600,9.553
14610,9.44
14620,11.41
14630,6.745
14640,13.03
14650,9.683
14660,6.488
14670,4.464
14680,7.384
14690,8.673
14700,5.118
14710,2.536
14720,4.593
14730,7.046
14740,10.46
14750,15.87
14760,8.314
14770,6.861
14780,7.116
14790,10.55
14800,7.475
14810,10.11
14820,7.66
14830,13.54
14840,13.69
14850,12.63
14860,11.54
14870,7.249
14880,10.16
14890,17.52
14900,17.88
14910,19
14920,17.03
14930,18.16
14940,19.76
14950,18.29
14960,17.73
14970,21.56
14980,19.74
14990,21.76
15000,24.78
15010,25.91
15020,23.09
15030,18.71
15040,16.6
15050,19.01
15060,24.75
15070,25.29
15080,23.65
15090,20.35
15100,25.88
15110,26.43
15120,25.83
15130,24.21
15140,23.21
15150,25.89
15160,25.63
15170,25.01
15180,24.99
15190,24.74
15200,26.28
15210,27.14
15220,26.64
15230,27.65
15240,27.34
15250,26.13
15260,26.51
15270,26.4
15280,27.59
15290,27.08
15300,25.89
15310,26.84
15320,27.66
15330,27.53
15340,26.88
15350,26.73
15360,27.29
15370,27.29
15380,27.14
15390,27.09
15400,26.55
15410,26.76
15420,26.91
15430,27.08
15440,27.16
15450,27.51
15460,27.4
15470,27.15
15480,26.76
15490,27.16
15500,26.96
15510,27
15520,27.09
15530,27.01
15540,26.53
15550,26.6
15560,26.36
15570,26.88
15580,26.81
15590,26.69
15600,26.58
15610,26.83
15620,26.71
15630,26.56
15640,26.31
15650,26.58
15660,26.26
15670,26.14
15680,25.73
15690,25.28
15700,24.18
15710,23.53
15720,23.61
15730,23.45
15740,23.98
15750,24.01
15760,24.13
15770,22.14
15780,23.26
15790,23.69
15800,24.35
15810,24.66
15820,24.26
15830,24.64
15840,24.91
15850,25.64
15860,25.5
15870,25.21
15880,24.8
15890,23.54
15900,23.99
15910,24.24
15920,25.14
15930,25.7
15940,25.65
15950,25.6
15960,24.6
15970,24.68
15980,25.14
15990,24.21
16000,23.58
16010,22.49
16020,22.38
16030,22.38
16040,22.84
16050,23.56
16060,23.93
16070,23.28
16080,22.91
16090,22.6
16100,21.94
16110,22.54
16120,23.04
16130,23.63
16140,23.81
16150,23.85
16160,23.18
16170,23.46
16180,24.15
16190,23.96
16200,23.48
16210,23.44
16220,23.73
16230,24.14
16240,24.14
16250,23.79
16260,23.89
16270,24
16280,24.09
16290,24.04
16300,23.68
16310,23.7
16320,23.71
16330,23.28
16340,23.21
16350,23.31
16360,23.36
16370,22.63
16380,22
16390,21.93
16400,21.61
16410,21.86
16420,21.93
16430,21.66
16440,22.14
16450,21.85
16460,21.84
16470,22.44
16480,21.76
16490,21.86
16500,22.2
16510,21.2
16520,22.1
16530,22.13
16540,21.68
16550,22.09
16560,22.05
16570,22.2
16580,22.34
16590,22.16
16600,22.28
16610,22.24
16620,21.91
16630,22.13
16640,21.91
16650,20.8
16660,18.61
16670,20.65
16680,21.36
16690,21.56
16700,21.99
16710,21.75
16720,21.25
16730,21.53
16740,21.49
16750,21.3
16760,21.14
16770,21.15
16780,20.98
16790,21.08
16800,20.45
16810,19.65
16820,20.26
16830,20.68
16840,20.05
16850,21.06
16860,20.96
16870,20.55
16880,20.89
16890,20.71
16900,20.38
16910,19.63
16920,20.58
16930,20.96
16940,20.55
16950,20.84
16960,20.55
16970,18.78
16980,20.35
16990,20.45
17000,20
17010,20.1
17020,20.25
17030,20.1
17040,19.9
17050,19.7
17060,19.5
17070,19.3
17080,19.1
17090,18.9
17100,18.73
17110,18.74
17120,18.78
17130,18.82
17140,18.86
17150,18.89
17160,18.84
17170,18.78
17180,18.72
17190,18.66
17200,18.59
17210,18.44
17220,18.28
17230,18.12
17240,17.96
17250,17.81
17260,17.72
17270,17.64
17280,17.56
17290,17.48
17300,17.38
17310,17.14
17320,16.88
17330,16.62
17340,16.36
17350,16.15
17360,16.24
17370,16.38
17380,16.52
17390,16.66
17400,16.75
17410,16.52
17420,16.24
17430,15.96
17440,15.68
17450,15.46
17460,15.62
17470,15.84
17480,16.06
17490,16.28
17500,16.44
17510,16.26
17520,16.02
17530,15.78
17540,15.54
17550,15.35
17560,15.44
17570,15.58
17580,15.72
17590,15.86
17600,15.92
17610,15.46
17620,14.92
17630,14.38
17640,13.84
17650,13.39
17660,13.46
17670,13.62
17680,13.78
17690,13.94
17700,14.02
17710,13.58
17720,13.06
17730,12.54
17740,12.02
17750,11.53
17760,11.2
17770,10.9
17780,10.6
17790,10.3
17800,9.98
17810,9.536
17820,9.072
17830,8.608
17840,8.144
17850,7.768
17860,7.916
17870,8.152
17880,8.388
17890,8.624
17900,8.726
17910,8.024
17920,7.188
17930,6.352
17940,5.516
17950,4.747
17960,4.378
17970,4.076
17980,3.774
17990,3.472
18000,3.166